18:08:02,sc-qa-app-1,0.60%,1.996GiB / 7.749GiB
18:08:02,sc-qa-db-1,1.30%,389.6MiB / 7.749GiB
18:08:08,sc-qa-app-1,95.83%,1.999GiB / 7.749GiB
18:08:08,sc-qa-db-1,38.93%,392MiB / 7.749GiB
18:08:15,sc-qa-app-1,43.27%,2GiB / 7.749GiB
18:08:15,sc-qa-db-1,24.27%,397.1MiB / 7.749GiB
18:08:22,sc-qa-app-1,79.41%,2.002GiB / 7.749GiB
18:08:22,sc-qa-db-1,29.16%,400.1MiB / 7.749GiB
18:08:29,sc-qa-app-1,151.85%,2.004GiB / 7.749GiB
18:08:29,sc-qa-db-1,53.64%,400.3MiB / 7.749GiB
18:08:36,sc-qa-app-1,44.11%,2.117GiB / 7.749GiB
18:08:36,sc-qa-db-1,18.79%,390.5MiB / 7.749GiB
18:08:44,sc-qa-app-1,105.78%,2.113GiB / 7.749GiB
18:08:44,sc-qa-db-1,36.87%,391.1MiB / 7.749GiB
18:08:50,sc-qa-app-1,39.42%,2.252GiB / 7.749GiB
18:08:50,sc-qa-db-1,17.98%,391.7MiB / 7.749GiB
18:08:58,sc-qa-app-1,92.42%,2.254GiB / 7.749GiB
18:08:58,sc-qa-db-1,37.62%,390.9MiB / 7.749GiB
18:09:04,sc-qa-app-1,5.70%,2.248GiB / 7.749GiB
18:09:04,sc-qa-db-1,5.43%,394.5MiB / 7.749GiB
18:09:12,sc-qa-app-1,5.82%,2.248GiB / 7.749GiB
18:09:12,sc-qa-db-1,0.73%,389.4MiB / 7.749GiB
18:09:18,sc-qa-app-1,45.84%,2.251GiB / 7.749GiB
18:09:18,sc-qa-db-1,14.83%,392.4MiB / 7.749GiB
18:09:25,sc-qa-app-1,65.88%,2.248GiB / 7.749GiB
18:09:25,sc-qa-db-1,15.37%,398.2MiB / 7.749GiB
18:09:32,sc-qa-app-1,57.26%,2.254GiB / 7.749GiB
18:09:32,sc-qa-db-1,38.82%,393.5MiB / 7.749GiB
18:09:39,sc-qa-app-1,53.74%,2.251GiB / 7.749GiB
18:09:39,sc-qa-db-1,18.05%,392.6MiB / 7.749GiB
18:09:47,sc-qa-app-1,47.72%,2.252GiB / 7.749GiB
18:09:47,sc-qa-db-1,18.01%,397.9MiB / 7.749GiB
18:09:54,sc-qa-app-1,69.14%,2.253GiB / 7.749GiB
18:09:54,sc-qa-db-1,36.04%,392.6MiB / 7.749GiB
18:10:01,sc-qa-app-1,52.91%,2.255GiB / 7.749GiB
18:10:01,sc-qa-db-1,25.45%,392.6MiB / 7.749GiB
18:10:08,sc-qa-app-1,90.92%,2.256GiB / 7.749GiB
18:10:08,sc-qa-db-1,28.45%,390.7MiB / 7.749GiB
18:10:15,sc-qa-app-1,6.12%,2.253GiB / 7.749GiB
18:10:15,sc-qa-db-1,20.10%,391.9MiB / 7.749GiB
18:10:22,sc-qa-app-1,0.58%,2.255GiB / 7.749GiB
18:10:22,sc-qa-db-1,5.88%,404.7MiB / 7.749GiB
18:10:30,sc-qa-app-1,54.85%,2.257GiB / 7.749GiB
18:10:30,sc-qa-db-1,9.43%,391.7MiB / 7.749GiB
18:10:37,sc-qa-app-1,154.92%,2.259GiB / 7.749GiB
18:10:37,sc-qa-db-1,31.02%,391.1MiB / 7.749GiB
18:10:44,sc-qa-app-1,47.66%,2.262GiB / 7.749GiB
18:10:44,sc-qa-db-1,21.97%,391.3MiB / 7.749GiB
18:10:51,sc-qa-app-1,61.54%,2.469GiB / 7.749GiB
18:10:51,sc-qa-db-1,25.52%,390.4MiB / 7.749GiB
18:10:58,sc-qa-app-1,2.18%,2.544GiB / 7.749GiB
18:10:58,sc-qa-db-1,7.38%,388.9MiB / 7.749GiB
18:11:07,sc-qa-app-1,0.68%,2.539GiB / 7.749GiB
18:11:07,sc-qa-db-1,8.67%,390.3MiB / 7.749GiB
18:11:17,sc-qa-app-1,0.74%,2.545GiB / 7.749GiB
18:11:17,sc-qa-db-1,26.10%,400.1MiB / 7.749GiB
18:11:27,sc-qa-app-1,2.23%,2.564GiB / 7.749GiB
18:11:27,sc-qa-db-1,12.55%,395.1MiB / 7.749GiB
18:11:38,sc-qa-app-1,1.55%,2.56GiB / 7.749GiB
18:11:38,sc-qa-db-1,10.29%,391.7MiB / 7.749GiB
18:11:46,sc-qa-app-1,0.15%,2.561GiB / 7.749GiB
18:11:46,sc-qa-db-1,7.72%,397MiB / 7.749GiB
18:11:58,sc-qa-app-1,2.24%,2.561GiB / 7.749GiB
18:11:58,sc-qa-db-1,0.49%,387.9MiB / 7.749GiB
18:12:08,sc-qa-app-1,9.92%,2.561GiB / 7.749GiB
18:12:08,sc-qa-db-1,1.47%,387.8MiB / 7.749GiB
18:12:20,sc-qa-app-1,2.90%,2.57GiB / 7.749GiB
18:12:20,sc-qa-db-1,8.25%,393MiB / 7.749GiB
18:12:31,sc-qa-app-1,0.39%,2.561GiB / 7.749GiB
18:12:31,sc-qa-db-1,1.06%,391.9MiB / 7.749GiB
18:12:38,sc-qa-app-1,1.39%,2.56GiB / 7.749GiB
18:12:38,sc-qa-db-1,1.12%,398.7MiB / 7.749GiB
18:12:45,sc-qa-app-1,66.23%,2.573GiB / 7.749GiB
18:12:45,sc-qa-db-1,5.28%,407.5MiB / 7.749GiB
18:12:53,sc-qa-app-1,93.51%,2.781GiB / 7.749GiB
18:12:53,sc-qa-db-1,22.57%,389MiB / 7.749GiB
18:13:00,sc-qa-app-1,34.96%,2.818GiB / 7.749GiB
18:13:00,sc-qa-db-1,5.83%,389.7MiB / 7.749GiB
18:13:07,sc-qa-app-1,0.15%,2.831GiB / 7.749GiB
18:13:07,sc-qa-db-1,9.20%,393.2MiB / 7.749GiB
18:13:15,sc-qa-app-1,1.62%,2.851GiB / 7.749GiB
18:13:15,sc-qa-db-1,7.78%,395.6MiB / 7.749GiB
18:13:24,sc-qa-app-1,0.16%,2.847GiB / 7.749GiB
18:13:24,sc-qa-db-1,9.19%,386.3MiB / 7.749GiB
18:13:34,sc-qa-app-1,1.47%,2.857GiB / 7.749GiB
18:13:34,sc-qa-db-1,3.47%,386.8MiB / 7.749GiB
18:13:41,sc-qa-app-1,0.41%,2.862GiB / 7.749GiB
18:13:41,sc-qa-db-1,3.09%,391.8MiB / 7.749GiB
18:13:49,sc-qa-app-1,0.76%,2.864GiB / 7.749GiB
18:13:49,sc-qa-db-1,6.80%,387.4MiB / 7.749GiB
18:13:56,sc-qa-app-1,0.88%,2.862GiB / 7.749GiB
18:13:56,sc-qa-db-1,6.37%,396.7MiB / 7.749GiB
18:14:03,sc-qa-app-1,9.18%,2.869GiB / 7.749GiB
18:14:03,sc-qa-db-1,12.26%,391.3MiB / 7.749GiB
18:14:11,sc-qa-app-1,9.06%,2.87GiB / 7.749GiB
18:14:11,sc-qa-db-1,0.63%,389MiB / 7.749GiB
18:14:18,sc-qa-app-1,0.91%,2.873GiB / 7.749GiB
18:14:18,sc-qa-db-1,0.64%,386.4MiB / 7.749GiB
18:14:24,sc-qa-app-1,0.21%,2.866GiB / 7.749GiB
18:14:24,sc-qa-db-1,8.08%,390.5MiB / 7.749GiB
18:14:32,sc-qa-app-1,0.17%,2.864GiB / 7.749GiB
18:14:32,sc-qa-db-1,1.90%,387.2MiB / 7.749GiB
18:14:40,sc-qa-app-1,0.27%,2.865GiB / 7.749GiB
18:14:40,sc-qa-db-1,0.87%,387.4MiB / 7.749GiB
18:14:47,sc-qa-app-1,0.24%,2.864GiB / 7.749GiB
18:14:47,sc-qa-db-1,0.52%,386.9MiB / 7.749GiB
18:14:55,sc-qa-app-1,0.24%,2.864GiB / 7.749GiB
18:14:55,sc-qa-db-1,0.49%,386.2MiB / 7.749GiB
18:15:03,sc-qa-app-1,6.13%,2.868GiB / 7.749GiB
18:15:03,sc-qa-db-1,9.59%,379.5MiB / 7.749GiB
18:15:10,sc-qa-app-1,0.63%,2.871GiB / 7.749GiB
18:15:10,sc-qa-db-1,9.98%,377.3MiB / 7.749GiB
18:15:18,sc-qa-app-1,28.64%,2.88GiB / 7.749GiB
18:15:18,sc-qa-db-1,7.20%,379.5MiB / 7.749GiB
18:15:26,sc-qa-app-1,34.32%,2.888GiB / 7.749GiB
18:15:26,sc-qa-db-1,9.65%,378.6MiB / 7.749GiB
18:15:34,sc-qa-app-1,1.65%,2.906GiB / 7.749GiB
18:15:34,sc-qa-db-1,12.56%,377.9MiB / 7.749GiB
18:15:44,sc-qa-app-1,1.52%,2.915GiB / 7.749GiB
18:15:44,sc-qa-db-1,1.10%,378.8MiB / 7.749GiB
18:15:54,sc-qa-app-1,0.98%,2.921GiB / 7.749GiB
18:15:54,sc-qa-db-1,16.36%,386.4MiB / 7.749GiB
18:16:05,sc-qa-app-1,1.41%,2.921GiB / 7.749GiB
18:16:05,sc-qa-db-1,5.64%,381.6MiB / 7.749GiB
18:16:15,sc-qa-app-1,2.26%,2.917GiB / 7.749GiB
18:16:15,sc-qa-db-1,1.38%,376.9MiB / 7.749GiB
18:16:27,sc-qa-app-1,0.71%,2.913GiB / 7.749GiB
18:16:27,sc-qa-db-1,7.17%,384.9MiB / 7.749GiB
18:16:37,sc-qa-app-1,0.99%,2.914GiB / 7.749GiB
18:16:37,sc-qa-db-1,1.38%,385.2MiB / 7.749GiB
18:16:49,sc-qa-app-1,0.28%,2.907GiB / 7.749GiB
18:16:49,sc-qa-db-1,0.52%,380.4MiB / 7.749GiB
18:16:57,sc-qa-app-1,0.88%,2.907GiB / 7.749GiB
18:16:57,sc-qa-db-1,0.92%,379.9MiB / 7.749GiB
18:17:05,sc-qa-app-1,11.67%,2.908GiB / 7.749GiB
18:17:05,sc-qa-db-1,1.71%,378.6MiB / 7.749GiB
18:17:13,sc-qa-app-1,2.12%,2.912GiB / 7.749GiB
18:17:13,sc-qa-db-1,14.86%,378.2MiB / 7.749GiB
18:17:21,sc-qa-app-1,0.33%,2.909GiB / 7.749GiB
18:17:21,sc-qa-db-1,7.71%,378MiB / 7.749GiB
18:17:27,sc-qa-app-1,0.19%,2.909GiB / 7.749GiB
18:17:27,sc-qa-db-1,3.79%,378.8MiB / 7.749GiB
18:17:35,sc-qa-app-1,5.06%,2.912GiB / 7.749GiB
18:17:35,sc-qa-db-1,13.18%,379.5MiB / 7.749GiB
18:17:42,sc-qa-app-1,14.32%,2.944GiB / 7.749GiB
18:17:42,sc-qa-db-1,24.41%,379.1MiB / 7.749GiB
18:17:50,sc-qa-app-1,1.57%,2.965GiB / 7.749GiB
18:17:50,sc-qa-db-1,12.28%,383.6MiB / 7.749GiB
18:17:58,sc-qa-app-1,6.20%,2.97GiB / 7.749GiB
18:17:58,sc-qa-db-1,16.52%,385.2MiB / 7.749GiB
18:18:05,sc-qa-app-1,7.45%,2.975GiB / 7.749GiB
18:18:05,sc-qa-db-1,1.07%,377.4MiB / 7.749GiB
18:18:14,sc-qa-app-1,15.36%,2.977GiB / 7.749GiB
18:18:14,sc-qa-db-1,10.01%,378.8MiB / 7.749GiB
18:18:23,sc-qa-app-1,9.35%,2.987GiB / 7.749GiB
18:18:23,sc-qa-db-1,15.54%,390.9MiB / 7.749GiB
18:18:35,sc-qa-app-1,7.97%,2.989GiB / 7.749GiB
18:18:35,sc-qa-db-1,24.87%,381.1MiB / 7.749GiB
18:18:51,sc-qa-app-1,2.92%,2.995GiB / 7.749GiB
18:18:51,sc-qa-db-1,16.90%,384.6MiB / 7.749GiB
18:19:10,sc-qa-app-1,0.00%,0B / 0B
18:19:10,sc-qa-db-1,6.34%,364MiB / 7.749GiB
18:19:16,sc-qa-app-1,0.00%,0B / 0B
18:19:16,sc-qa-db-1,9.24%,360.1MiB / 7.749GiB
18:19:22,sc-qa-app-1,0.00%,0B / 0B
18:19:22,sc-qa-db-1,1.06%,360.2MiB / 7.749GiB
18:19:28,sc-qa-app-1,0.00%,0B / 0B
18:19:28,sc-qa-db-1,1.12%,360.2MiB / 7.749GiB
18:19:34,sc-qa-app-1,0.00%,0B / 0B
18:19:34,sc-qa-db-1,0.56%,360.2MiB / 7.749GiB
18:19:40,sc-qa-app-1,0.00%,0B / 0B
18:19:40,sc-qa-db-1,0.70%,360.5MiB / 7.749GiB
18:19:47,sc-qa-app-1,0.00%,0B / 0B
18:19:47,sc-qa-db-1,6.44%,360.4MiB / 7.749GiB
18:19:53,sc-qa-app-1,0.00%,0B / 0B
18:19:53,sc-qa-db-1,0.93%,360.3MiB / 7.749GiB
18:19:59,sc-qa-app-1,0.00%,0B / 0B
18:19:59,sc-qa-db-1,0.75%,360.4MiB / 7.749GiB
18:20:05,sc-qa-app-1,0.00%,0B / 0B
18:20:05,sc-qa-db-1,0.63%,360.4MiB / 7.749GiB
18:20:12,sc-qa-app-1,0.00%,0B / 0B
18:20:12,sc-qa-db-1,0.76%,360.4MiB / 7.749GiB
18:20:18,sc-qa-app-1,0.00%,0B / 0B
18:20:18,sc-qa-db-1,8.88%,360.4MiB / 7.749GiB
18:20:24,sc-qa-app-1,0.00%,0B / 0B
18:20:24,sc-qa-db-1,0.68%,362.5MiB / 7.749GiB
18:20:30,sc-qa-app-1,0.00%,0B / 0B
18:20:30,sc-qa-db-1,0.83%,363.2MiB / 7.749GiB
18:20:36,sc-qa-app-1,0.00%,0B / 0B
18:20:36,sc-qa-db-1,0.92%,363.2MiB / 7.749GiB
18:20:43,sc-qa-app-1,0.00%,0B / 0B
18:20:43,sc-qa-db-1,2.61%,363.2MiB / 7.749GiB
18:20:49,sc-qa-app-1,0.00%,0B / 0B
18:20:49,sc-qa-db-1,8.68%,363.6MiB / 7.749GiB
18:20:55,sc-qa-app-1,0.00%,0B / 0B
18:20:55,sc-qa-db-1,1.98%,363.3MiB / 7.749GiB
