18:01:03,sc-qa-app-1,175.84%,940.1MiB / 7.749GiB
18:01:03,sc-qa-db-1,22.43%,394.7MiB / 7.749GiB
18:01:09,sc-qa-app-1,108.86%,947.1MiB / 7.749GiB
18:01:09,sc-qa-db-1,21.65%,392.5MiB / 7.749GiB
18:01:17,sc-qa-app-1,118.93%,958.6MiB / 7.749GiB
18:01:17,sc-qa-db-1,34.87%,393.3MiB / 7.749GiB
18:01:24,sc-qa-app-1,108.96%,960.3MiB / 7.749GiB
18:01:24,sc-qa-db-1,25.40%,393.6MiB / 7.749GiB
18:01:31,sc-qa-app-1,139.17%,957.1MiB / 7.749GiB
18:01:31,sc-qa-db-1,35.26%,394MiB / 7.749GiB
18:01:38,sc-qa-app-1,124.49%,957.3MiB / 7.749GiB
18:01:38,sc-qa-db-1,44.99%,393.9MiB / 7.749GiB
18:01:45,sc-qa-app-1,88.73%,954.6MiB / 7.749GiB
18:01:45,sc-qa-db-1,22.38%,394.2MiB / 7.749GiB
18:01:52,sc-qa-app-1,125.01%,967.6MiB / 7.749GiB
18:01:52,sc-qa-db-1,18.62%,393.8MiB / 7.749GiB
18:01:58,sc-qa-app-1,113.05%,962.2MiB / 7.749GiB
18:01:58,sc-qa-db-1,26.01%,394.2MiB / 7.749GiB
18:02:04,sc-qa-app-1,0.26%,954.4MiB / 7.749GiB
18:02:04,sc-qa-db-1,3.79%,393.5MiB / 7.749GiB
18:02:12,sc-qa-app-1,127.49%,956MiB / 7.749GiB
18:02:12,sc-qa-db-1,7.09%,394.6MiB / 7.749GiB
18:02:19,sc-qa-app-1,96.64%,956.3MiB / 7.749GiB
18:02:19,sc-qa-db-1,43.96%,379.3MiB / 7.749GiB
18:02:25,sc-qa-app-1,64.51%,969.7MiB / 7.749GiB
18:02:25,sc-qa-db-1,26.36%,388MiB / 7.749GiB
18:02:32,sc-qa-app-1,67.55%,966.1MiB / 7.749GiB
18:02:32,sc-qa-db-1,18.74%,387.6MiB / 7.749GiB
18:02:39,sc-qa-app-1,96.30%,1011MiB / 7.749GiB
18:02:39,sc-qa-db-1,28.80%,387.6MiB / 7.749GiB
18:02:45,sc-qa-app-1,116.64%,1.034GiB / 7.749GiB
18:02:45,sc-qa-db-1,30.29%,387.6MiB / 7.749GiB
18:02:53,sc-qa-app-1,77.83%,1.05GiB / 7.749GiB
18:02:53,sc-qa-db-1,26.25%,387.9MiB / 7.749GiB
18:03:00,sc-qa-app-1,77.92%,1.073GiB / 7.749GiB
18:03:00,sc-qa-db-1,11.53%,387.6MiB / 7.749GiB
18:03:07,sc-qa-app-1,73.51%,1.064GiB / 7.749GiB
18:03:07,sc-qa-db-1,22.03%,387.8MiB / 7.749GiB
18:03:13,sc-qa-app-1,1.88%,1.041GiB / 7.749GiB
18:03:13,sc-qa-db-1,0.73%,387.6MiB / 7.749GiB
18:03:21,sc-qa-app-1,186.59%,1.043GiB / 7.749GiB
18:03:21,sc-qa-db-1,10.83%,389.3MiB / 7.749GiB
18:03:27,sc-qa-app-1,61.39%,1.091GiB / 7.749GiB
18:03:27,sc-qa-db-1,15.30%,388.9MiB / 7.749GiB
18:03:34,sc-qa-app-1,73.84%,1.16GiB / 7.749GiB
18:03:34,sc-qa-db-1,30.97%,389.4MiB / 7.749GiB
18:03:41,sc-qa-app-1,49.67%,1.138GiB / 7.749GiB
18:03:41,sc-qa-db-1,10.61%,384.6MiB / 7.749GiB
18:03:49,sc-qa-app-1,42.81%,1.103GiB / 7.749GiB
18:03:49,sc-qa-db-1,12.19%,384.4MiB / 7.749GiB
18:03:55,sc-qa-app-1,48.25%,1.198GiB / 7.749GiB
18:03:55,sc-qa-db-1,35.15%,384.8MiB / 7.749GiB
18:04:02,sc-qa-app-1,63.77%,1.189GiB / 7.749GiB
18:04:02,sc-qa-db-1,20.96%,384.6MiB / 7.749GiB
18:04:10,sc-qa-app-1,122.60%,1.204GiB / 7.749GiB
18:04:10,sc-qa-db-1,24.21%,384.2MiB / 7.749GiB
18:04:17,sc-qa-app-1,42.46%,1.285GiB / 7.749GiB
18:04:17,sc-qa-db-1,0.86%,384.2MiB / 7.749GiB
18:04:24,sc-qa-app-1,0.12%,1.206GiB / 7.749GiB
18:04:24,sc-qa-db-1,4.18%,384.7MiB / 7.749GiB
18:04:31,sc-qa-app-1,128.72%,1.262GiB / 7.749GiB
18:04:31,sc-qa-db-1,69.01%,393.5MiB / 7.749GiB
18:04:38,sc-qa-app-1,116.31%,1.336GiB / 7.749GiB
18:04:38,sc-qa-db-1,77.75%,393.7MiB / 7.749GiB
18:04:44,sc-qa-app-1,110.09%,1.337GiB / 7.749GiB
18:04:44,sc-qa-db-1,54.11%,395.2MiB / 7.749GiB
18:04:51,sc-qa-app-1,118.69%,1.355GiB / 7.749GiB
18:04:51,sc-qa-db-1,60.66%,380.9MiB / 7.749GiB
18:04:58,sc-qa-app-1,113.49%,1.354GiB / 7.749GiB
18:04:58,sc-qa-db-1,61.79%,381.8MiB / 7.749GiB
18:05:05,sc-qa-app-1,131.19%,1.357GiB / 7.749GiB
18:05:05,sc-qa-db-1,74.30%,382.1MiB / 7.749GiB
18:05:12,sc-qa-app-1,80.74%,1.356GiB / 7.749GiB
18:05:12,sc-qa-db-1,32.19%,382MiB / 7.749GiB
18:05:19,sc-qa-app-1,113.86%,1.357GiB / 7.749GiB
18:05:19,sc-qa-db-1,66.36%,382.5MiB / 7.749GiB
18:05:26,sc-qa-app-1,17.10%,1.358GiB / 7.749GiB
18:05:26,sc-qa-db-1,13.60%,382.3MiB / 7.749GiB
18:05:33,sc-qa-app-1,90.63%,1.358GiB / 7.749GiB
18:05:33,sc-qa-db-1,4.84%,383MiB / 7.749GiB
18:05:40,sc-qa-app-1,128.57%,1.357GiB / 7.749GiB
18:05:40,sc-qa-db-1,33.07%,385MiB / 7.749GiB
18:05:47,sc-qa-app-1,29.87%,1.364GiB / 7.749GiB
18:05:47,sc-qa-db-1,17.92%,383.3MiB / 7.749GiB
18:05:54,sc-qa-app-1,62.46%,1.341GiB / 7.749GiB
18:05:54,sc-qa-db-1,42.21%,393MiB / 7.749GiB
18:06:01,sc-qa-app-1,120.14%,1.455GiB / 7.749GiB
18:06:01,sc-qa-db-1,37.44%,393.7MiB / 7.749GiB
18:06:08,sc-qa-app-1,94.36%,1.61GiB / 7.749GiB
18:06:08,sc-qa-db-1,33.70%,395.1MiB / 7.749GiB
18:06:15,sc-qa-app-1,97.82%,1.83GiB / 7.749GiB
18:06:15,sc-qa-db-1,46.85%,383.8MiB / 7.749GiB
18:06:22,sc-qa-app-1,75.59%,2.003GiB / 7.749GiB
18:06:22,sc-qa-db-1,38.70%,386.3MiB / 7.749GiB
18:06:30,sc-qa-app-1,87.32%,2.011GiB / 7.749GiB
18:06:30,sc-qa-db-1,62.01%,405.9MiB / 7.749GiB
18:06:37,sc-qa-app-1,300.47%,2.014GiB / 7.749GiB
18:06:37,sc-qa-db-1,0.91%,386.5MiB / 7.749GiB
18:06:44,sc-qa-app-1,323.11%,2.016GiB / 7.749GiB
18:06:44,sc-qa-db-1,5.01%,391.9MiB / 7.749GiB
18:06:51,sc-qa-app-1,321.84%,2.015GiB / 7.749GiB
18:06:51,sc-qa-db-1,5.49%,392.6MiB / 7.749GiB
18:06:58,sc-qa-app-1,335.99%,2.015GiB / 7.749GiB
18:06:58,sc-qa-db-1,5.01%,392.5MiB / 7.749GiB
18:07:05,sc-qa-app-1,297.12%,1.997GiB / 7.749GiB
18:07:05,sc-qa-db-1,5.18%,392.7MiB / 7.749GiB
