18:23:21,sc-qa-app-1,70.86%,450.9MiB / 2GiB
18:23:21,sc-qa-db-1,1.27%,379.1MiB / 7.749GiB
18:23:21,app-anon,435MiB
18:23:21,app-file,44MiB
18:23:28,sc-qa-app-1,173.73%,470.9MiB / 2GiB
18:23:28,sc-qa-db-1,11.18%,388.8MiB / 7.749GiB
18:23:28,app-anon,457MiB
18:23:28,app-file,48MiB
18:23:36,sc-qa-app-1,277.97%,486.2MiB / 2GiB
18:23:36,sc-qa-db-1,32.41%,388.7MiB / 7.749GiB
18:23:36,app-anon,470MiB
18:23:36,app-file,48MiB
18:23:43,sc-qa-app-1,264.85%,512.6MiB / 2GiB
18:23:43,sc-qa-db-1,54.95%,389.1MiB / 7.749GiB
18:23:43,app-anon,493MiB
18:23:43,app-file,48MiB
18:23:50,sc-qa-app-1,194.17%,521.2MiB / 2GiB
18:23:50,sc-qa-db-1,50.40%,389.1MiB / 7.749GiB
18:23:50,app-anon,505MiB
18:23:50,app-file,48MiB
18:23:58,sc-qa-app-1,133.55%,520.4MiB / 2GiB
18:23:58,sc-qa-db-1,53.18%,389.4MiB / 7.749GiB
18:23:58,app-anon,503MiB
18:23:58,app-file,48MiB
18:24:05,sc-qa-app-1,194.12%,535.8MiB / 2GiB
18:24:05,sc-qa-db-1,65.04%,389.3MiB / 7.749GiB
18:24:05,app-anon,534MiB
18:24:05,app-file,48MiB
18:24:12,sc-qa-app-1,219.81%,581.9MiB / 2GiB
18:24:12,sc-qa-db-1,57.40%,389.5MiB / 7.749GiB
18:24:12,app-anon,564MiB
18:24:12,app-file,48MiB
18:24:19,sc-qa-app-1,78.66%,585.6MiB / 2GiB
18:24:19,sc-qa-db-1,72.26%,389.6MiB / 7.749GiB
18:24:19,app-anon,568MiB
18:24:19,app-file,48MiB
18:24:26,sc-qa-app-1,5.22%,585.9MiB / 2GiB
18:24:26,sc-qa-db-1,0.68%,389.4MiB / 7.749GiB
18:24:26,app-anon,568MiB
18:24:26,app-file,48MiB
18:24:32,sc-qa-app-1,175.29%,601.1MiB / 2GiB
18:24:32,sc-qa-db-1,75.78%,389.9MiB / 7.749GiB
18:24:32,app-anon,583MiB
18:24:32,app-file,48MiB
18:24:39,sc-qa-app-1,117.31%,599MiB / 2GiB
18:24:39,sc-qa-db-1,66.60%,390.2MiB / 7.749GiB
18:24:39,app-anon,581MiB
18:24:39,app-file,48MiB
18:24:46,sc-qa-app-1,153.60%,600.4MiB / 2GiB
18:24:46,sc-qa-db-1,82.05%,390MiB / 7.749GiB
18:24:46,app-anon,583MiB
18:24:46,app-file,48MiB
18:24:53,sc-qa-app-1,161.15%,600.7MiB / 2GiB
18:24:53,sc-qa-db-1,85.10%,390.5MiB / 7.749GiB
18:24:53,app-anon,583MiB
18:24:53,app-file,48MiB
18:25:01,sc-qa-app-1,132.82%,600.9MiB / 2GiB
18:25:01,sc-qa-db-1,69.38%,390.3MiB / 7.749GiB
18:25:01,app-anon,583MiB
18:25:01,app-file,48MiB
18:25:07,sc-qa-app-1,157.12%,605.2MiB / 2GiB
18:25:07,sc-qa-db-1,76.63%,390.4MiB / 7.749GiB
18:25:07,app-anon,587MiB
18:25:07,app-file,48MiB
18:25:14,sc-qa-app-1,185.08%,607.2MiB / 2GiB
18:25:14,sc-qa-db-1,81.21%,390.4MiB / 7.749GiB
18:25:14,app-anon,589MiB
18:25:14,app-file,48MiB
18:25:21,sc-qa-app-1,138.62%,603.6MiB / 2GiB
18:25:21,sc-qa-db-1,75.31%,390.4MiB / 7.749GiB
18:25:21,app-anon,586MiB
18:25:21,app-file,48MiB
18:25:28,sc-qa-app-1,2.00%,604.7MiB / 2GiB
18:25:28,sc-qa-db-1,47.91%,390.1MiB / 7.749GiB
18:25:28,app-anon,588MiB
18:25:28,app-file,48MiB
18:25:35,sc-qa-app-1,260.38%,607.7MiB / 2GiB
18:25:35,sc-qa-db-1,7.63%,391.2MiB / 7.749GiB
18:25:35,app-anon,603MiB
18:25:35,app-file,48MiB
18:25:42,sc-qa-app-1,160.55%,640MiB / 2GiB
18:25:42,sc-qa-db-1,74.83%,390.8MiB / 7.749GiB
18:25:42,app-anon,640MiB
18:25:42,app-file,48MiB
18:25:49,sc-qa-app-1,100.28%,653.5MiB / 2GiB
18:25:49,sc-qa-db-1,70.88%,394.6MiB / 7.749GiB
18:25:49,app-anon,635MiB
18:25:49,app-file,48MiB
18:25:56,sc-qa-app-1,154.13%,698.6MiB / 2GiB
18:25:56,sc-qa-db-1,82.06%,390.9MiB / 7.749GiB
18:25:56,app-anon,681MiB
18:25:56,app-file,48MiB
18:26:02,sc-qa-app-1,155.30%,698.8MiB / 2GiB
18:26:02,sc-qa-db-1,82.98%,391.3MiB / 7.749GiB
18:26:02,app-anon,681MiB
18:26:02,app-file,48MiB
18:26:09,sc-qa-app-1,146.63%,698.7MiB / 2GiB
18:26:09,sc-qa-db-1,46.37%,391.5MiB / 7.749GiB
18:26:09,app-anon,681MiB
18:26:09,app-file,48MiB
18:26:16,sc-qa-app-1,145.93%,698.8MiB / 2GiB
18:26:16,sc-qa-db-1,80.84%,391.4MiB / 7.749GiB
18:26:16,app-anon,681MiB
18:26:16,app-file,48MiB
18:26:23,sc-qa-app-1,149.12%,698.8MiB / 2GiB
18:26:23,sc-qa-db-1,77.77%,391.5MiB / 7.749GiB
18:26:23,app-anon,681MiB
18:26:23,app-file,48MiB
18:26:29,sc-qa-app-1,134.61%,698.9MiB / 2GiB
18:26:29,sc-qa-db-1,54.73%,391.9MiB / 7.749GiB
18:26:29,app-anon,681MiB
18:26:29,app-file,48MiB
18:26:37,sc-qa-app-1,0.23%,697.9MiB / 2GiB
18:26:37,sc-qa-db-1,0.67%,391.4MiB / 7.749GiB
18:26:37,app-anon,681MiB
18:26:37,app-file,48MiB
18:26:44,sc-qa-app-1,203.37%,706.6MiB / 2GiB
18:26:44,sc-qa-db-1,56.66%,391.6MiB / 7.749GiB
18:26:44,app-anon,688MiB
18:26:44,app-file,112MiB
18:26:51,sc-qa-app-1,143.77%,706.7MiB / 2GiB
18:26:51,sc-qa-db-1,46.57%,391.5MiB / 7.749GiB
18:26:51,app-anon,689MiB
18:26:51,app-file,112MiB
18:26:58,sc-qa-app-1,163.20%,706.8MiB / 2GiB
18:26:58,sc-qa-db-1,50.40%,391.8MiB / 7.749GiB
18:26:58,app-anon,689MiB
18:26:58,app-file,112MiB
18:27:05,sc-qa-app-1,109.51%,706.8MiB / 2GiB
18:27:05,sc-qa-db-1,27.73%,393.8MiB / 7.749GiB
18:27:05,app-anon,689MiB
18:27:05,app-file,112MiB
18:27:13,sc-qa-app-1,57.11%,706.6MiB / 2GiB
18:27:13,sc-qa-db-1,34.78%,391.4MiB / 7.749GiB
18:27:13,app-anon,689MiB
18:27:13,app-file,112MiB
18:27:21,sc-qa-app-1,153.72%,699.5MiB / 2GiB
18:27:21,sc-qa-db-1,52.12%,391.7MiB / 7.749GiB
18:27:21,app-anon,689MiB
18:27:21,app-file,112MiB
18:27:28,sc-qa-app-1,172.98%,697MiB / 2GiB
18:27:28,sc-qa-db-1,39.05%,391.5MiB / 7.749GiB
18:27:28,app-anon,689MiB
18:27:28,app-file,112MiB
18:27:36,sc-qa-app-1,109.47%,695.9MiB / 2GiB
18:27:36,sc-qa-db-1,37.63%,391.3MiB / 7.749GiB
18:27:36,app-anon,689MiB
18:27:36,app-file,112MiB
18:27:42,sc-qa-app-1,6.78%,695.7MiB / 2GiB
18:27:42,sc-qa-db-1,0.96%,391.3MiB / 7.749GiB
18:27:42,app-anon,689MiB
18:27:42,app-file,112MiB
18:27:49,sc-qa-app-1,278.97%,696.3MiB / 2GiB
18:27:49,sc-qa-db-1,11.54%,391.8MiB / 7.749GiB
18:27:49,app-anon,689MiB
18:27:49,app-file,223MiB
18:27:56,sc-qa-app-1,202.55%,692.6MiB / 2GiB
18:27:56,sc-qa-db-1,48.53%,388.6MiB / 7.749GiB
18:27:56,app-anon,684MiB
18:27:56,app-file,500MiB
18:28:03,sc-qa-app-1,180.38%,693.8MiB / 2GiB
18:28:03,sc-qa-db-1,58.44%,384.3MiB / 7.749GiB
18:28:03,app-anon,685MiB
18:28:03,app-file,500MiB
18:28:09,sc-qa-app-1,178.77%,694.1MiB / 2GiB
18:28:09,sc-qa-db-1,35.35%,385.5MiB / 7.749GiB
18:28:09,app-anon,686MiB
18:28:09,app-file,500MiB
18:28:16,sc-qa-app-1,200.13%,689.5MiB / 2GiB
18:28:16,sc-qa-db-1,57.45%,384.8MiB / 7.749GiB
18:28:16,app-anon,682MiB
18:28:16,app-file,500MiB
18:28:24,sc-qa-app-1,178.06%,690.5MiB / 2GiB
18:28:24,sc-qa-db-1,59.03%,384.3MiB / 7.749GiB
18:28:24,app-anon,682MiB
18:28:24,app-file,500MiB
18:28:31,sc-qa-app-1,204.52%,689.9MiB / 2GiB
18:28:31,sc-qa-db-1,51.85%,384.3MiB / 7.749GiB
18:28:31,app-anon,682MiB
18:28:31,app-file,500MiB
18:28:38,sc-qa-app-1,122.77%,690.1MiB / 2GiB
18:28:38,sc-qa-db-1,59.07%,384.7MiB / 7.749GiB
18:28:38,app-anon,682MiB
18:28:38,app-file,500MiB
18:28:45,sc-qa-app-1,186.86%,690.3MiB / 2GiB
18:28:45,sc-qa-db-1,45.30%,384.3MiB / 7.749GiB
18:28:45,app-anon,682MiB
18:28:45,app-file,500MiB
18:28:53,sc-qa-app-1,0.41%,689.3MiB / 2GiB
18:28:53,sc-qa-db-1,0.59%,384MiB / 7.749GiB
18:28:53,app-anon,682MiB
18:28:53,app-file,500MiB
18:28:59,sc-qa-app-1,111.93%,796.1MiB / 2GiB
18:28:59,sc-qa-db-1,36.83%,385.5MiB / 7.749GiB
18:28:59,app-anon,786MiB
18:28:59,app-file,605MiB
18:29:06,sc-qa-app-1,198.45%,896.9MiB / 2GiB
18:29:06,sc-qa-db-1,87.15%,386.4MiB / 7.749GiB
18:29:06,app-anon,880MiB
18:29:06,app-file,853MiB
18:29:13,sc-qa-app-1,178.56%,855.5MiB / 2GiB
18:29:13,sc-qa-db-1,87.00%,389MiB / 7.749GiB
18:29:13,app-anon,830MiB
18:29:13,app-file,1082MiB
18:29:20,sc-qa-app-1,136.65%,887.9MiB / 2GiB
18:29:20,sc-qa-db-1,92.85%,390MiB / 7.749GiB
18:29:20,app-anon,858MiB
18:29:20,app-file,1154MiB
18:29:27,sc-qa-app-1,161.22%,877.3MiB / 2GiB
18:29:27,sc-qa-db-1,96.13%,390.3MiB / 7.749GiB
18:29:27,app-anon,829MiB
18:29:27,app-file,1171MiB
18:29:35,sc-qa-app-1,122.77%,803.5MiB / 2GiB
18:29:35,sc-qa-db-1,88.04%,390MiB / 7.749GiB
18:29:35,app-anon,768MiB
18:29:35,app-file,1242MiB
18:29:42,sc-qa-app-1,126.47%,809.9MiB / 2GiB
18:29:42,sc-qa-db-1,144.42%,390.4MiB / 7.749GiB
18:29:42,app-anon,775MiB
18:29:42,app-file,1234MiB
18:29:49,sc-qa-app-1,65.59%,840.6MiB / 2GiB
18:29:49,sc-qa-db-1,122.44%,392MiB / 7.749GiB
18:29:49,app-anon,819MiB
18:29:49,app-file,1190MiB
18:29:56,sc-qa-app-1,0.23%,786.6MiB / 2GiB
18:29:56,sc-qa-db-1,2.94%,391.5MiB / 7.749GiB
18:29:56,app-anon,751MiB
18:29:56,app-file,1224MiB
18:30:03,sc-qa-app-1,228.38%,827.1MiB / 2GiB
18:30:03,sc-qa-db-1,82.51%,392MiB / 7.749GiB
18:30:03,app-anon,810MiB
18:30:03,app-file,1197MiB
18:30:10,sc-qa-app-1,144.53%,1.078GiB / 2GiB
18:30:10,sc-qa-db-1,89.54%,392.5MiB / 7.749GiB
18:30:10,app-anon,1072MiB
18:30:10,app-file,941MiB
18:30:17,sc-qa-app-1,108.64%,1.081GiB / 2GiB
18:30:17,sc-qa-db-1,93.26%,392.6MiB / 7.749GiB
18:30:17,app-anon,1070MiB
18:30:17,app-file,940MiB
18:30:25,sc-qa-app-1,152.05%,1.061GiB / 2GiB
18:30:25,sc-qa-db-1,91.78%,394.5MiB / 7.749GiB
18:30:25,app-anon,1049MiB
18:30:25,app-file,960MiB
18:30:32,sc-qa-app-1,143.30%,1.142GiB / 2GiB
18:30:32,sc-qa-db-1,91.90%,394.9MiB / 7.749GiB
18:30:32,app-anon,1150MiB
18:30:32,app-file,863MiB
18:30:39,sc-qa-app-1,145.79%,1.147GiB / 2GiB
18:30:39,sc-qa-db-1,51.61%,395.3MiB / 7.749GiB
18:30:39,app-anon,1136MiB
18:30:39,app-file,872MiB
18:30:46,sc-qa-app-1,153.60%,1014MiB / 2GiB
18:30:46,sc-qa-db-1,97.85%,395.6MiB / 7.749GiB
18:30:46,app-anon,997MiB
18:30:46,app-file,1005MiB
18:30:53,sc-qa-app-1,149.88%,1.057GiB / 2GiB
18:30:53,sc-qa-db-1,87.47%,396.4MiB / 7.749GiB
18:30:53,app-anon,1041MiB
18:30:53,app-file,961MiB
18:30:59,sc-qa-app-1,87.76%,1.035GiB / 2GiB
18:30:59,sc-qa-db-1,51.62%,396.1MiB / 7.749GiB
18:30:59,app-anon,1017MiB
18:30:59,app-file,984MiB
18:31:07,sc-qa-app-1,162.78%,1.036GiB / 2GiB
18:31:07,sc-qa-db-1,7.91%,396.8MiB / 7.749GiB
18:31:07,app-anon,1017MiB
18:31:07,app-file,982MiB
18:31:14,sc-qa-app-1,301.14%,1.037GiB / 2GiB
18:31:14,sc-qa-db-1,4.46%,396.6MiB / 7.749GiB
18:31:14,app-anon,1017MiB
18:31:14,app-file,982MiB
18:31:21,sc-qa-app-1,242.35%,1.035GiB / 2GiB
18:31:21,sc-qa-db-1,4.26%,386.8MiB / 7.749GiB
18:31:21,app-anon,1017MiB
18:31:21,app-file,921MiB
18:31:28,sc-qa-app-1,328.74%,1.038GiB / 2GiB
18:31:28,sc-qa-db-1,4.83%,386.6MiB / 7.749GiB
18:31:28,app-anon,1020MiB
18:31:28,app-file,921MiB
18:31:35,sc-qa-app-1,366.37%,1.038GiB / 2GiB
18:31:35,sc-qa-db-1,5.22%,386.6MiB / 7.749GiB
18:31:35,app-anon,1020MiB
18:31:35,app-file,921MiB
